Minimal,Maximal
2010 [YR2010],2019 [YR2019]
70.2653658536586,71.8273170731707
